H/ mT, R /Ω
109.3,1450.806452
93.1,1551.387097
78.1,1717.056452
62.7,1974.430073
46.7,2559.415584
38.8,2648.460912
31,3107.66721
23.3,3229.714286
15.3,3297.559184
11.3,3313.379592
7.4,3298.212245
3.4,2882.188771
1.6,2087.119741
1.5,1495.410628
-2.5,1355.325825
-4.4,1329.20354
-8.3,1320.04827
-12.2,1317.353178
-16.1,1314.750804
-23.9,1312.72508
-31.7,1311.310289
-38.8,1310.22508
-47.1,1309.42926
-62.5,1308.303859
-77.7,1307.733119
-92.9,1307.483923
-108,1307.564309
